<?xml version="1.0" encoding="UTF-8"?>

<MyGUI type="Resource" version="1.1">

    <!-- Text edit widget -->

    <Resource type="ResourceSkin" name="MW_TextEditClient" size="10 10">
        <Property key="TextColour" value="#{fontcolour=normal}"/>

        <BasisSkin type="EditText" offset="0 0 10 10" align="Stretch"/>

    </Resource>

    <Resource type="ResourceSkin" name="MW_TextEdit" size="512 20">

        <!-- Borders -->

        <Child type="Widget" skin="MW_Box" offset="0 0 512 20" align="Stretch"/>

        <!-- Input -->

        <Property key="FontName" value="Default"/>
        <Property key="TextAlign" value="Left VCenter"/>
        <Property key="TextColour" value="#{fontcolour=normal}"/>

        <Child type="TextBox" skin="MW_TextEditClient" offset="4 0 502 18" align="Stretch" name="Client"/>

    </Resource>

    <Resource type="ResourceSkin" name="MW_TextBoxEdit" size="512 20">

        <Property key="FontName" value="Default"/>

        <Property key="TextAlign" value="Left Top"/>

        <Property key="TextColour" value="#{fontcolour=normal}"/>

        <Child type="TextBox" skin="MW_TextEditClient" offset="2 2 490 18" align="Stretch" name="Client"/>

        <Child type="ScrollBar" skin="MW_VScroll" offset="494 3 14 14" align="Right VStretch" name="VScroll"/>

    </Resource>

    <Resource type="ResourceSkin" name="MW_TextBoxEditWithBorder" size="512 20">

        <!-- Borders -->
        <Child type="Widget" skin="MW_Box" offset="0 0 512 20" align="Stretch"/>

        <Property key="FontName" value="Default"/>

        <Property key="TextAlign" value="Left Top"/>

        <Property key="TextColour" value="#{fontcolour=normal}"/>

        <Child type="TextBox" skin="MW_TextEditClient" offset="2 2 490 18" align="Stretch" name="Client"/>

        <Child type="ScrollBar" skin="MW_VScroll" offset="494 3 14 14" align="Right VStretch" name="VScroll"/>

    </Resource>

</MyGUI>
